{
  "accuracy": [
    0.29729729890823364,
    0.5923423171043396,
    0.7837837934494019,
    0.8288288116455078,
    0.795045018196106,
    0.8783783912658691,
    0.957207202911377,
    0.9099099040031433,
    0.7770270109176636,
    0.7815315127372742,
    0.9279279112815857,
    0.9684684872627258,
    0.9819819927215576,
    0.9639639854431152,
    0.9617117047309875,
    0.9707207083702087,
    0.9842342138290405,
    0.9887387156486511,
    0.9819819927215576,
    0.8896396160125732,
    0.9504504799842834,
    0.9797297120094299,
    0.9729729890823364,
    0.9797297120094299,
    0.9954954981803894,
    0.9909909963607788,
    0.9729729890823364,
    0.9797297120094299,
    0.9887387156486511,
    0.9684684872627258,
    0.9864864945411682
  ],
  "loss": [
    1.9236806631088257,
    1.196820616722107,
    0.6737266778945923,
    0.6118171811103821,
    0.7557458281517029,
    0.4512301981449127,
    0.2297866940498352,
    0.31011873483657837,
    0.7887422442436218,
    0.6303032040596008,
    0.25290578603744507,
    0.1609996110200882,
    0.11438599973917007,
    0.13515372574329376,
    0.1593121588230133,
    0.12851032614707947,
    0.07720156759023666,
    0.0715763121843338,
    0.0696772038936615,
    0.5234575271606445,
    0.23949287831783295,
    0.11402283608913422,
    0.10633338242769241,
    0.1116204708814621,
    0.042611103504896164,
    0.03625804930925369,
    0.12408212572336197,
    0.08419720083475113,
    0.06376956403255463,
    0.09737485647201538,
    0.06359140574932098
  ],
  "val_accuracy": [
    0.5135135054588318,
    0.837837815284729,
    0.7432432174682617,
    0.837837815284729,
    0.8918918967247009,
    0.9594594836235046,
    0.9459459185600281,
    0.7297297120094299,
    0.6959459185600281,
    0.9324324131011963,
    0.9527027010917664,
    0.9864864945411682,
    0.9527027010917664,
    0.9864864945411682,
    0.9932432174682617,
    0.9662162065505981,
    0.9932432174682617,
    0.9864864945411682,
    0.9594594836235046,
    0.9662162065505981,
    1.0,
    0.9797297120094299,
    0.9932432174682617,
    0.9864864945411682,
    1.0,
    1.0,
    0.9864864945411682,
    0.9797297120094299,
    0.9729729890823364,
    0.9527027010917664,
    0.9864864945411682
  ],
  "val_loss": [
    1.4405328035354614,
    0.6872708201408386,
    0.8222954869270325,
    0.35950925946235657,
    0.4323592782020569,
    0.17691363394260406,
    0.15139828622341156,
    1.0632048845291138,
    0.947119951248169,
    0.28252851963043213,
    0.15428264439105988,
    0.08373516798019409,
    0.1158975288271904,
    0.05825277790427208,
    0.028300223872065544,
    0.11541647464036942,
    0.02900226041674614,
    0.04744381085038185,
    0.23841316998004913,
    0.1604696810245514,
    0.0421251617372036,
    0.05938607454299927,
    0.02981545403599739,
    0.029732316732406616,
    0.009243503212928772,
    0.006953564938157797,
    0.08652160316705704,
    0.08452685177326202,
    0.1361830234527588,
    0.18503345549106598,
    0.08158516883850098
  ]
}