{
  "accuracy": [
    0.23423422873020172,
    0.434684693813324,
    0.630630612373352,
    0.7680180072784424,
    0.8445945978164673,
    0.912162184715271,
    0.9662162065505981,
    0.7680180072784424,
    0.8918918967247009,
    0.9684684872627258,
    0.9144144058227539,
    0.8558558821678162,
    0.7905405163764954,
    0.8355855941772461,
    0.912162184715271,
    0.9617117047309875,
    0.9324324131011963
  ],
  "loss": [
    1.9126760959625244,
    1.4347769021987915,
    0.998077929019928,
    0.6591822504997253,
    0.4946274161338806,
    0.35541078448295593,
    0.18948443233966827,
    0.8144904971122742,
    0.3660590350627899,
    0.1691771149635315,
    0.2976625859737396,
    0.701381266117096,
    0.6109625101089478,
    0.4570207893848419,
    0.26363369822502136,
    0.16815970838069916,
    0.25817304849624634
  ],
  "val_accuracy": [
    0.3175675570964813,
    0.5540540814399719,
    0.7027027010917664,
    0.837837815284729,
    0.9054054021835327,
    0.9797297120094299,
    0.9932432174682617,
    0.8108108043670654,
    0.9864864945411682,
    0.9729729890823364,
    0.9256756901741028,
    0.7094594836235046,
    0.7972972989082336,
    0.9256756901741028,
    0.9662162065505981,
    0.9932432174682617,
    0.9864864945411682
  ],
  "val_loss": [
    1.5574438571929932,
    1.1027038097381592,
    0.7103475332260132,
    0.47508636116981506,
    0.3804868459701538,
    0.136964350938797,
    0.0549171082675457,
    0.4063754975795746,
    0.11637043207883835,
    0.10661695152521133,
    0.39483654499053955,
    0.862937331199646,
    0.5294937491416931,
    0.30325376987457275,
    0.12208062410354614,
    0.062051065266132355,
    0.09029237926006317
  ]
}