{
  "accuracy": [
    0.2387387454509735,
    0.45720720291137695,
    0.4954954981803894,
    0.6576576828956604,
    0.7409909963607788,
    0.7207207083702087,
    0.8108108043670654,
    0.7612612843513489,
    0.7972972989082336,
    0.772522509098053,
    0.8018018007278442,
    0.869369387626648,
    0.880630612373352,
    0.8671171069145203,
    0.8873873949050903,
    0.8918918967247009,
    0.9256756901741028,
    0.9504504799842834,
    0.9211711883544922,
    0.9481981992721558,
    0.9414414167404175,
    0.7905405163764954,
    0.8738738894462585,
    0.8918918967247009,
    0.9009009003639221,
    0.9324324131011963,
    0.9391891956329346,
    0.9617117047309875,
    0.9436936974525452,
    0.9459459185600281,
    0.9594594836235046,
    0.957207202911377,
    0.9684684872627258,
    0.9797297120094299,
    0.9752252101898193,
    0.977477490901947,
    0.9842342138290405,
    0.9887387156486511,
    0.9864864945411682,
    0.9887387156486511,
    0.9932432174682617,
    0.9909909963607788,
    0.9932432174682617,
    0.9954954981803894,
    0.9954954981803894,
    0.9932432174682617,
    0.9954954981803894
  ],
  "loss": [
    1.888580560684204,
    1.4209524393081665,
    1.3298085927963257,
    0.8852411508560181,
    0.7059227228164673,
    0.7257103323936462,
    0.5127761363983154,
    0.6274451017379761,
    0.5964942574501038,
    0.6063399910926819,
    0.5867756605148315,
    0.4073481261730194,
    0.3254169523715973,
    0.3181433081626892,
    0.2907043397426605,
    0.25802066922187805,
    0.21009618043899536,
    0.17286448180675507,
    0.1870279163122177,
    0.1418992578983307,
    0.19585438072681427,
    0.5788719058036804,
    0.3014583885669708,
    0.2633686065673828,
    0.23108908534049988,
    0.2055942714214325,
    0.18115830421447754,
    0.16208651661872864,
    0.17379122972488403,
    0.15679435431957245,
    0.1606370210647583,
    0.14883418381214142,
    0.12140640616416931,
    0.1088484525680542,
    0.10639802366495132,
    0.10820361971855164,
    0.09051211178302765,
    0.07849035412073135,
    0.0779000073671341,
    0.07570218294858932,
    0.06535624712705612,
    0.07045689225196838,
    0.060318298637866974,
    0.057582106441259384,
    0.054018981754779816,
    0.05341440811753273,
    0.05320579558610916
  ],
  "val_accuracy": [
    0.3445945978164673,
    0.30405405163764954,
    0.5810810923576355,
    0.6891891956329346,
    0.6824324131011963,
    0.7770270109176636,
    0.7770270109176636,
    0.8310810923576355,
    0.8040540814399719,
    0.7702702879905701,
    0.8310810923576355,
    0.8108108043670654,
    0.8243243098258972,
    0.8648648858070374,
    0.8918918967247009,
    0.8918918967247009,
    0.8986486196517944,
    0.9256756901741028,
    0.9054054021835327,
    0.912162184715271,
    0.7702702879905701,
    0.837837815284729,
    0.8175675868988037,
    0.8783783912658691,
    0.8986486196517944,
    0.8918918967247009,
    0.9189189076423645,
    0.9324324131011963,
    0.9189189076423645,
    0.9324324131011963,
    0.9459459185600281,
    0.9324324131011963,
    0.9527027010917664,
    0.9459459185600281,
    0.9324324131011963,
    0.9729729890823364,
    0.9797297120094299,
    0.9594594836235046,
    0.9594594836235046,
    0.9662162065505981,
    0.9527027010917664,
    0.9527027010917664,
    0.9662162065505981,
    0.9662162065505981,
    0.9662162065505981,
    0.9662162065505981,
    0.9662162065505981
  ],
  "val_loss": [
    1.5051289796829224,
    1.7703320980072021,
    1.0064895153045654,
    0.7583076357841492,
    0.716730535030365,
    0.6099569201469421,
    0.6148625612258911,
    0.420238196849823,
    0.47790393233299255,
    0.599747359752655,
    0.4571364223957062,
    0.43007805943489075,
    0.42067623138427734,
    0.3296577036380768,
    0.30717936158180237,
    0.29447367787361145,
    0.27027466893196106,
    0.22147898375988007,
    0.23391002416610718,
    0.24006634950637817,
    0.8081464767456055,
    0.40625810623168945,
    0.3438582122325897,
    0.2956414222717285,
    0.2673892676830292,
    0.24979117512702942,
    0.24364711344242096,
    0.24594327807426453,
    0.20177845656871796,
    0.20697054266929626,
    0.18868032097816467,
    0.2546072006225586,
    0.1969831883907318,
    0.16949085891246796,
    0.18891692161560059,
    0.1156996414065361,
    0.10402866452932358,
    0.12225706875324249,
    0.12354481220245361,
    0.19614475965499878,
    0.20969146490097046,
    0.19785025715827942,
    0.18833564221858978,
    0.18602243065834045,
    0.1817924976348877,
    0.18033531308174133,
    0.17665906250476837
  ],
  "learning_rate": [
    0.000699999975040555,
    0.000699999975040555,
    0.000699999975040555,
    0.000699999975040555,
    0.000699999975040555,
    0.000699999975040555,
    0.000699999975040555,
    0.000699999975040555,
    0.000699999975040555,
    0.000699999975040555,
    0.000699999975040555,
    0.000699999975040555,
    0.0003499999875202775,
    0.0003499999875202775,
    0.0003499999875202775,
    0.0003499999875202775,
    0.0003499999875202775,
    0.0003499999875202775,
    0.0003499999875202775,
    0.0003499999875202775,
    0.0003499999875202775,
    0.0003499999875202775,
    0.00017499999376013875,
    0.00017499999376013875,
    0.00017499999376013875,
    0.00017499999376013875,
    8.749999688006938e-05,
    8.749999688006938e-05,
    8.749999688006938e-05,
    8.749999688006938e-05,
    8.749999688006938e-05,
    8.749999688006938e-05,
    8.749999688006938e-05,
    8.749999688006938e-05,
    8.749999688006938e-05,
    8.749999688006938e-05,
    8.749999688006938e-05,
    8.749999688006938e-05,
    8.749999688006938e-05,
    8.749999688006938e-05,
    8.749999688006938e-05,
    4.374999844003469e-05,
    4.374999844003469e-05,
    4.374999844003469e-05,
    4.374999844003469e-05,
    2.1874999220017344e-05,
    2.1874999220017344e-05
  ]
}