{
  "accuracy": [
    0.27149322628974915,
    0.5565611124038696,
    0.6651583909988403,
    0.6425339579582214,
    0.6334841847419739,
    0.7466063499450684,
    0.8325791954994202,
    0.7782805562019348,
    0.8552036285400391,
    0.8461538553237915,
    0.9909502267837524,
    0.9954751133918762,
    0.7375565767288208,
    0.6289592981338501,
    0.7285068035125732,
    0.9095022678375244,
    0.9457013607025146,
    0.9411764740943909,
    0.877828061580658,
    0.837104082107544
  ],
  "loss": [
    1.4887357950210571,
    1.2071874141693115,
    0.8463491201400757,
    0.8157911896705627,
    0.8358951807022095,
    0.6075152158737183,
    0.49610576033592224,
    0.5817743539810181,
    0.39643752574920654,
    0.3502804636955261,
    0.13332097232341766,
    0.048840492963790894,
    0.9285702705383301,
    0.7208452820777893,
    0.524275541305542,
    0.30959638953208923,
    0.22165855765342712,
    0.24860632419586182,
    0.31680089235305786,
    0.4487714171409607
  ],
  "val_accuracy": [
    0.3571428656578064,
    0.6428571343421936,
    0.5892857313156128,
    0.5535714030265808,
    0.8214285969734192,
    0.9285714030265808,
    0.6964285969734192,
    0.75,
    0.7678571343421936,
    1.0,
    1.0,
    1.0,
    0.4107142984867096,
    0.6428571343421936,
    0.9821428656578064,
    1.0,
    1.0,
    0.8214285969734192,
    0.8571428656578064,
    0.9107142686843872
  ],
  "val_loss": [
    1.3904062509536743,
    0.9253163933753967,
    0.7333458662033081,
    0.7836161255836487,
    0.5781733393669128,
    0.475290447473526,
    0.5629936456680298,
    0.932331919670105,
    0.4604403078556061,
    0.20113296806812286,
    0.04741450026631355,
    0.019685806706547737,
    1.9457188844680786,
    0.4846138656139374,
    0.3226321339607239,
    0.10298310220241547,
    0.054929476231336594,
    0.633764922618866,
    0.43391767144203186,
    0.19700686633586884
  ]
}